Workbook

Sheet Products
A1: ID | B1: Name | C1: Category | D1: Price | E1: Stock | F1: SKU
A2: 1 | B2: Pencils | C2: Stationery | D2: 0.99 | E2: 500 | F2: PEN-001
A3: 2 | B3: Notebook | C3: Stationery | D3: 2.49 | E3: 200 | F3: NOTE-002
A4: 3 | B4: Stapler | C4: Office | D4: 7.99 | E4: 75 | F4: STAP-003
A5: 4 | B5: Mouse | C5: Electronics | D5: 19.99 | E5: 120 | F5: MOU-004
A6: 5 | B6: Keyboard | C6: Electronics | D6: 29.99 | E6: 80 | F6: KEY-005
A7: 6 | B7: Monitor | C7: Electronics | D7: 149.99 | E7: 30 | F7: MON-006
A8: 7 | B8: Chair | C8: Furniture | D8: 89.99 | E8: 45 | F8: CHA-007
A9: 8 | B9: Desk | C9: Furniture | D9: 199.99 | E9: 20 | F9: DESK-008
A10: 9 | B10: Coffee | C10: Beverage | D10: 4.5 | E10: 300 | F10: COF-009
A11: 10 | B11: Tea | C11: Beverage | D11: 3.75 | E11: 250 | F11: TEA-010
A12: 11 | B12: Paper | C12: Stationery | D12: 5.25 | E12: 400 | F12: PAP-011
A13: 12 | B13: Ruler | C13: Stationery | D13: 1.5 | E13: 180 | F13: RUL-012

Sheet ProductsByName
A1: Name | B1: ID | C1: Category | D1: Price | E1: Stock | F1: SKU
A2: Pencils | B2: 1 | C2: Stationery | D2: 0.99 | E2: 500 | F2: PEN-001
A3: Notebook | B3: 2 | C3: Stationery | D3: 2.49 | E3: 200 | F3: NOTE-002
A4: Stapler | B4: 3 | C4: Office | D4: 7.99 | E4: 75 | F4: STAP-003
A5: Mouse | B5: 4 | C5: Electronics | D5: 19.99 | E5: 120 | F5: MOU-004
A6: Keyboard | B6: 5 | C6: Electronics | D6: 29.99 | E6: 80 | F6: KEY-005
A7: Monitor | B7: 6 | C7: Electronics | D7: 149.99 | E7: 30 | F7: MON-006
A8: Chair | B8: 7 | C8: Furniture | D8: 89.99 | E8: 45 | F8: CHA-007
A9: Desk | B9: 8 | C9: Furniture | D9: 199.99 | E9: 20 | F9: DESK-008
A10: Coffee | B10: 9 | C10: Beverage | D10: 4.5 | E10: 300 | F10: COF-009
A11: Tea | B11: 10 | C11: Beverage | D11: 3.75 | E11: 250 | F11: TEA-010
A12: Paper | B12: 11 | C12: Stationery | D12: 5.25 | E12: 400 | F12: PAP-011
A13: Ruler | B13: 12 | C13: Stationery | D13: 1.5 | E13: 180 | F13: RUL-012

Sheet Lookup_By_ID
A1: Query_ID | B1: VLOOKUP_Name | C1: INDEXMATCH_Name | D1: VLOOKUP_Price | E1: INDEXMATCH_Price | F1: VLOOKUP_SKU | G1: INDEXMATCH_SKU
A2: 1 | B2: =VLOOKUP($A2,Products!$A$2:$F$13,2,FALSE) -> Pencils | C2: =INDEX(Products!$B$2:$B$13,MATCH($A2,Products!$A$2:$A$13,0)) -> Pencils | D2: =VLOOKUP($A2,Products!$A$2:$F$13,4,FALSE) -> 0.99 | E2: =INDEX(Products!$D$2:$D$13,MATCH($A2,Products!$A$2:$A$13,0)) -> 0.99 | F2: =VLOOKUP($A2,Products!$A$2:$F$13,6,FALSE) -> PEN-001 | G2: =INDEX(Products!$F$2:$F$13,MATCH($A2,Products!$A$2:$A$13,0)) -> PEN-001
A3: 5 | B3: =VLOOKUP($A3,Products!$A$2:$F$13,2,FALSE) -> Keyboard | C3: =INDEX(Products!$B$2:$B$13,MATCH($A3,Products!$A$2:$A$13,0)) -> Keyboard | D3: =VLOOKUP($A3,Products!$A$2:$F$13,4,FALSE) -> 29.99 | E3: =INDEX(Products!$D$2:$D$13,MATCH($A3,Products!$A$2:$A$13,0)) -> 29.99 | F3: =VLOOKUP($A3,Products!$A$2:$F$13,6,FALSE) -> KEY-005 | G3: =INDEX(Products!$F$2:$F$13,MATCH($A3,Products!$A$2:$A$13,0)) -> KEY-005
A4: 12 | B4: =VLOOKUP($A4,Products!$A$2:$F$13,2,FALSE) -> Ruler | C4: =INDEX(Products!$B$2:$B$13,MATCH($A4,Products!$A$2:$A$13,0)) -> Ruler | D4: =VLOOKUP($A4,Products!$A$2:$F$13,4,FALSE) -> 1.5 | E4: =INDEX(Products!$D$2:$D$13,MATCH($A4,Products!$A$2:$A$13,0)) -> 1.5 | F4: =VLOOKUP($A4,Products!$A$2:$F$13,6,FALSE) -> RUL-012 | G4: =INDEX(Products!$F$2:$F$13,MATCH($A4,Products!$A$2:$A$13,0)) -> RUL-012
A5: 99 | B5: =VLOOKUP($A5,Products!$A$2:$F$13,2,FALSE) -> #N/A | C5: =INDEX(Products!$B$2:$B$13,MATCH($A5,Products!$A$2:$A$13,0)) -> #N/A | D5: =VLOOKUP($A5,Products!$A$2:$F$13,4,FALSE) -> #N/A | E5: =INDEX(Products!$D$2:$D$13,MATCH($A5,Products!$A$2:$A$13,0)) -> #N/A | F5: =VLOOKUP($A5,Products!$A$2:$F$13,6,FALSE) -> #N/A | G5: =INDEX(Products!$F$2:$F$13,MATCH($A5,Products!$A$2:$A$13,0)) -> #N/A
A6: 8 | B6: =VLOOKUP($A6,Products!$A$2:$F$13,2,FALSE) -> Desk | C6: =INDEX(Products!$B$2:$B$13,MATCH($A6,Products!$A$2:$A$13,0)) -> Desk | D6: =VLOOKUP($A6,Products!$A$2:$F$13,4,FALSE) -> 199.99 | E6: =INDEX(Products!$D$2:$D$13,MATCH($A6,Products!$A$2:$A$13,0)) -> 199.99 | F6: =VLOOKUP($A6,Products!$A$2:$F$13,6,FALSE) -> DESK-008 | G6: =INDEX(Products!$F$2:$F$13,MATCH($A6,Products!$A$2:$A$13,0)) -> DESK-008
A7: 3 | B7: =VLOOKUP($A7,Products!$A$2:$F$13,2,FALSE) -> Stapler | C7: =INDEX(Products!$B$2:$B$13,MATCH($A7,Products!$A$2:$A$13,0)) -> Stapler | D7: =VLOOKUP($A7,Products!$A$2:$F$13,4,FALSE) -> 7.99 | E7: =INDEX(Products!$D$2:$D$13,MATCH($A7,Products!$A$2:$A$13,0)) -> 7.99 | F7: =VLOOKUP($A7,Products!$A$2:$F$13,6,FALSE) -> STAP-003 | G7: =INDEX(Products!$F$2:$F$13,MATCH($A7,Products!$A$2:$A$13,0)) -> STAP-003

Sheet Lookup_By_Name
A1: uery_Name | B1: VLOOKUP_ID | C1: INDEXMATCH_ID | D1: VLOOKUP_Stock | E1: INDEXMATCH_Stock
A2: Monitor | B2: =VLOOKUP($A2,ProductsByName!$A$2:$F$13,2,FALSE) -> 6 | C2: =INDEX(Products!$A$2:$A$13,MATCH($A2,Products!$B$2:$B$13,0)) -> 6 | D2: =VLOOKUP($A2,ProductsByName!$A$2:$F$13,5,FALSE) -> 30 | E2: =INDEX(Products!$E$2:$E$13,MATCH($A2,Products!$B$2:$B$13,0)) -> 30
A3: Tea | B3: =VLOOKUP($A3,ProductsByName!$A$2:$F$13,2,FALSE) -> 10 | C3: =INDEX(Products!$A$2:$A$13,MATCH($A3,Products!$B$2:$B$13,0)) -> 10 | D3: =VLOOKUP($A3,ProductsByName!$A$2:$F$13,5,FALSE) -> 250 | E3: =INDEX(Products!$E$2:$E$13,MATCH($A3,Products!$B$2:$B$13,0)) -> 250
A4: Desk | B4: =VLOOKUP($A4,ProductsByName!$A$2:$F$13,2,FALSE) -> 8 | C4: =INDEX(Products!$A$2:$A$13,MATCH($A4,Products!$B$2:$B$13,0)) -> 8 | D4: =VLOOKUP($A4,ProductsByName!$A$2:$F$13,5,FALSE) -> 20 | E4: =INDEX(Products!$E$2:$E$13,MATCH($A4,Products!$B$2:$B$13,0)) -> 20
A5: Unknown | B5: =VLOOKUP($A5,ProductsByName!$A$2:$F$13,2,FALSE) -> #N/A | C5: =INDEX(Products!$A$2:$A$13,MATCH($A5,Products!$B$2:$B$13,0)) -> #N/A | D5: =VLOOKUP($A5,ProductsByName!$A$2:$F$13,5,FALSE) -> #N/A | E5: =INDEX(Products!$E$2:$E$13,MATCH($A5,Products!$B$2:$B$13,0)) -> #N/A
A6: Pencils | B6: =VLOOKUP($A6,ProductsByName!$A$2:$F$13,2,FALSE) -> 1 | C6: =INDEX(Products!$A$2:$A$13,MATCH($A6,Products!$B$2:$B$13,0)) -> 1 | D6: =VLOOKUP($A6,ProductsByName!$A$2:$F$13,5,FALSE) -> 500 | E6: =INDEX(Products!$E$2:$E$13,MATCH($A6,Products!$B$2:$B$13,0)) -> 500

Sheet Grades
A1: ScoreMin | B1: Grade
A2: 0 | B2: F
A3: 60 | B3: D
A4: 70 | B4: C
A5: 80 | B5: B
A6: 90 | B6: A

Sheet Lookup_Approx
A1: Score | B1: VLOOKUP_Approx_Grade | C1: INDEX_MATCH_Approx_Grade
A2: 55 | B2: =VLOOKUP($A2,Grades!$A$2:$B$6,2,TRUE) -> F | C2: =INDEX(Grades!$B$2:$B$6,MATCH($A2,Grades!$A$2:$A$6,1)) -> F
A3: 60 | B3: =VLOOKUP($A3,Grades!$A$2:$B$6,2,TRUE) -> D | C3: =INDEX(Grades!$B$2:$B$6,MATCH($A3,Grades!$A$2:$A$6,1)) -> D
A4: 77 | B4: =VLOOKUP($A4,Grades!$A$2:$B$6,2,TRUE) -> C | C4: =INDEX(Grades!$B$2:$B$6,MATCH($A4,Grades!$A$2:$A$6,1)) -> C
A5: 88 | B5: =VLOOKUP($A5,Grades!$A$2:$B$6,2,TRUE) -> B | C5: =INDEX(Grades!$B$2:$B$6,MATCH($A5,Grades!$A$2:$A$6,1)) -> B
A6: 92 | B6: =VLOOKUP($A6,Grades!$A$2:$B$6,2,TRUE) -> A | C6: =INDEX(Grades!$B$2:$B$6,MATCH($A6,Grades!$A$2:$A$6,1)) -> A
A7: 100 | B7: =VLOOKUP($A7,Grades!$A$2:$B$6,2,TRUE) -> A | C7: =INDEX(Grades!$B$2:$B$6,MATCH($A7,Grades!$A$2:$A$6,1)) -> A
A8: 0 | B8: =VLOOKUP($A8,Grades!$A$2:$B$6,2,TRUE) -> F | C8: =INDEX(Grades!$B$2:$B$6,MATCH($A8,Grades!$A$2:$A$6,1)) -> F
